Title,URL,Company Name,Award Name,Country
International Travel Awards Gala Ceremony - Zeetravels Ltd  - Testimonial,https://www.youtube.com/watch?v=-Pi0mgjbVTA,Zee travels ltd,International Travel Awards,London(UK)
Chamisse Restaurant - Testimonial,https://www.youtube.com/watch?v=VGsK7Z1e-tk,Chamisse Resturant,International Restaurant Awards,London (UK)
Haitham Galal - Testimonial,https://www.youtube.com/watch?v=3eVNTG0iXls,Haitham Galal,World GM Awards,Dubai (UAE)
Indian Tandoori  Virginia  Ireland  - Testimonial,https://www.youtube.com/watch?v=EAyAkRaRFKw,Indian Tandoori ,International Restaurant Awards,Ireland(Europe)
Laperla Spa - Testimonial,https://www.youtube.com/watch?v=q8VuiGU6EcI,Laperla Spa,International Spa & Beauty Awards,Norway
Millennium Al Rawdah Hotel - Testimonial,https://www.youtube.com/watch?v=7M0PsBow9qU,Millennium Al Rawdah Hotel,International Travel Awards,Abudhabi(UAE)
MOVENPICK AMBASSADOR HOTEL ACCRA - Testimonial,https://www.youtube.com/watch?v=oaRW6a8Md-A,Movenpick Ambassador Hotel ACCRA,International 5 Star Hotel Awards,Ghana(Africa)
Nail Station - Testimonial,https://www.youtube.com/watch?v=PybapLmmGGc,Nail Station,International Spa & Beauty Awards,Kuwait
Nailtek Beauty Salon - Testimonial,https://www.youtube.com/watch?v=Mqh9zA_2Cac,Nailtek Beauty Salon,International Spa & Beauty Awards,
Nidal Saloum - Testimonial,https://www.youtube.com/watch?v=I6kqR_9MJiA,Nidal Saloum,World GM Awards,Abudhabi(UAE)
Park Hotel Briz  - Testimonial,https://www.youtube.com/watch?v=xUlqgONx7Lg,Park Hotel Briz ,International 3 Star Hotel Awards,Bulgaria(Europe)
Ramy Waheed - Testimonial,https://www.youtube.com/watch?v=6plTl6haUtY,Ramy Waheed,World GM Awards,African Tourism Board
Samir Messaoudi - Testimonial,https://www.youtube.com/watch?v=x0w-uPSR_S8,Samir Messaoudi,World GM Awards,Oman
"Somerset Maslak Istanbul, The Ascott Limited - Testimonial",https://www.youtube.com/watch?v=BApn9Ts73Pg,"Somerset Maslak Istanbul, The Ascott Limited",International Travel Awards,Turkey
The Beach Palace Ramsgate - Testimonial,https://www.youtube.com/watch?v=82wlCfJuOpM,The Beach Palace Ramsgate,International Travel Awards,South Africa
Blowdry Bar Qatar - Testimonial,https://www.youtube.com/watch?v=D8IjJ-2MgoA,Blowdry Bar Qatar,International Spa & Beauty Awards,Qatar
Beauty Escape London - Testimonial,https://www.youtube.com/watch?v=ZppZUdCt_kk,Beauty Escape ,International Spa & Beauty Awards,London
Desert Flower Tours - Testimonial,https://www.youtube.com/watch?v=p1k_YBNevNk,Desert Flower Tours,Arabian Best of Best Awards,Oman
Basil Konfor - Testimonial,https://www.youtube.com/watch?v=n9n2ZCAh9hk,Basil Konfor,Arabian Best of Best Awards,Dubai (UAE)
Aji Creative - Testimonial,https://www.youtube.com/watch?v=FVIIfeMsHYA,Aji Creative,Europe Best of Best Awards ,
Deluxe Holiday Homes  - Testimonial,https://www.youtube.com/watch?v=uJ1fCILWYZg,Deluxe Holiday Homes ,International Travel Awards,Dubai (UAE)
S19 Hotel Al Jaddaf - Testimonial,https://www.youtube.com/watch?v=vMM_GOSubRc,S19 Hotel Al Jaddaf,International Travel Awards,Dubai (UAE)
Rustic Pathways - Testimonial,https://www.youtube.com/watch?v=BgFczqP1NIA,Rustic Pathways,International Travel Awards,
Saadiyat Island - Testimonial,https://www.youtube.com/watch?v=JEZj1D9uQGw,Saadiyat Island,International Travel Awards,Abudhabi(UAE)
7Seas Holidays Limited - Testimonial,https://www.youtube.com/watch?v=Qs2DkSm0CPc,7Seas Holidays Limited,International Travel Awards,London (UK)
Amber Holiday Homes - Testimonial,https://www.youtube.com/watch?v=QSEKAvSY3fo,Amber Holiday Homes,International Travel Awards,Dubai (UAE)
The Remote Managers - Testimonial,https://www.youtube.com/watch?v=kyeLfUrFlE8,The Remote Managers,International Travel Awards,
International Travel Awards Gala Ceremony - Top Travel Trip  - Testimonial,https://www.youtube.com/watch?v=jyEKlZpwViI,Top Travel Trip,International Travel Awards , 
World Star Hotel Awards Gala Ceremony -  Malbert Inn - Testimonial,https://www.youtube.com/watch?v=RaX43rrDIpo,Malbert Inn,World  3 Star Hotel Awards ,Ghana(Africa)
"International Travel Awards Gala Ceremony -  Philippines, Department of Tourism - Testimonial",https://www.youtube.com/watch?v=Tpb8MAyV0Bc,Department of Tourism,International Travel Awards ,Philippines
International Spa & Beauty Awards Gala Ceremony - LILLEHAMMER SPA AS -   Testimonial,https://www.youtube.com/watch?v=r73tWfCgFd4,Lillehammer Spa As,International Spa & Beauty Awards ,Lillehammer
International Restaurant Awards Gala Ceremony - Winner Feedback from Chamisse Restaurant,https://www.youtube.com/watch?v=RMpju3qWYuY,Chamisse Resturant,International Restaurant Awards ,London (UK)
World Star Hotel Awards Gala Ceremony - Winner Feedback from Grace Forum,https://www.youtube.com/watch?v=SAOTPlx4Qho,Grace Forum,World Star Hotel Awards ,Armenia
World Star Hotel Awards Gala Ceremony - Winner Feedback from Malbert Inn,https://www.youtube.com/watch?v=6mGoqToirls,Malbert Inn,World Star Hotel Awards ,Ghana(Africa)
World Star Hotel Awards Gala Ceremony - Winner Feedback from MOVENPICK AMBASSADOR HOTEL ACCRA,https://www.youtube.com/watch?v=iymDVkQE1Pc,Movenpick Ambassador Hotel ACCRA,World Star Hotel Awards ,Ghana(Africa)
World Star Hotel Awards Gala Ceremony - Winner Feedback from Park Hotel Briz,https://www.youtube.com/watch?v=2sQGTAURk-w,Park Hotel Briz ,World Star Hotel Awards ,Bulgaria(Europe)
World GM Awards Gala Ceremony - Winner Feedback from Haitham Galal,https://www.youtube.com/watch?v=1vPav9aa9AE,Haitham Galal,World GM Awards ,Dubai (UAE)
World GM Awards Gala Ceremony - Winner Feedback from Mrad El Khoury,https://www.youtube.com/watch?v=1-0YuAYxf0A,Mrad El Khoury,World GM Awards ,
World GM Awards Gala Ceremony - Winner Feedback from Ramy Waheed,https://www.youtube.com/watch?v=PEmT0Eh9eo8,Ramy Waheed,World GM Awards ,
International Spa & Beauty Awards Gala Ceremony - Winner Feedback from Heart & Soul Spa,https://www.youtube.com/watch?v=BB0c42xf28g,Heart & Soul Spa,International Spa & Beauty Awards ,Dubai (UAE)
International Spa & Beauty Awards Gala Ceremony - Winner Feedback from KOYA Spa,https://www.youtube.com/watch?v=Q_HdcxIaklY,Koya Spa,International Spa & Beauty Awards ,
International Spa & Beauty Awards Gala Ceremony - Winner Feedback from Laperla Spa,https://www.youtube.com/watch?v=0U9z0ZyzL5c,Leperla Spa,International Spa & Beauty Awards ,Dubai (UAE)
International Spa & Beauty Awards Gala Ceremony - Winner Feedback from LILLEHAMMER SPA AS,https://www.youtube.com/watch?v=poMZpcNJDPs,Lillehammer Spa As,International Spa & Beauty Awards ,Norway
International Spa & Beauty Awards Gala Ceremony - Winner Feedback from Nail Station,https://www.youtube.com/watch?v=GhMViOhMR3s,Nail Station,International Spa & Beauty Awards ,Kuwait
International Spa & Beauty Awards Gala Ceremony - Winner Feedback from Nails Qatar,https://www.youtube.com/watch?v=MnTdCEQGNZg,Nails,International Spa & Beauty Awards ,Qatar
International Spa & Beauty Awards Gala Ceremony - Winner Feedback from Nailtek Beauty Salon,https://www.youtube.com/watch?v=B1esG35fd64,Nailtek Beauty Salon,International Spa & Beauty Awards ,Kuwait
International Spa & Beauty Awards Gala Ceremony - Winner Feedback from Sohum Spas,https://www.youtube.com/watch?v=-r5TPGDkHtU,Sohum Spas,International Spa & Beauty Awards ,India
International Travel Awards Gala Ceremony - Winner Feedback from Deluxe Holiday Homes,https://www.youtube.com/watch?v=y0IhiBPYdcY,Deluixe Holiday Homes,International Travel Awards ,UAE
"International Travel Awards Gala Ceremony - Winner Feedback from Ferrari World Yas Island, Abu Dhabi",https://www.youtube.com/watch?v=-UlugKjfC3M,Ferrari World Yas island,International Travel Awards ,Abudhabi(UAE)
International Travel Awards Gala Ceremony - Winner Feedback from Grace Lazure,https://www.youtube.com/watch?v=MSaLTWpU-4c,Grace Lazure,International Travel Awards ,
International Travel Awards Gala Ceremony - Winner Feedback from Jewel of Africa Safaris,https://www.youtube.com/watch?v=CvTy5Imt9tI,Jewel of Africa Safaris,International Travel Awards ,
International Travel Awards Gala Ceremony - Winner Feedback from Jolie Ville Luxor Hotel and Spa,https://www.youtube.com/watch?v=ACKmELPe3m4,Jolie Ville Luxor Hotel and Spa,International Travel Awards ,
International Travel Awards Gala Ceremony - Winner Feedback from Millennium Al Rawdah Hotel,https://www.youtube.com/watch?v=_k2jYeJRbf0,Millennium Al Rawdah Hotel,International Travel Awards ,
"International Travel Awards Gala Ceremony - Winner Feedback from Philippines, Department of Tourism",https://www.youtube.com/watch?v=2BiC3XMXeeo,Department of Tourism,International Travel Awards ,Philippines
International Travel Awards Gala Ceremony - Winner Feedback from Rustic Pathways,https://www.youtube.com/watch?v=zjXxYkNVajU,Rustic Pathways,International Travel Awards ,Unitede States
International Travel Awards Gala Ceremony - Winner Feedback from S19 Hotel Al Jaddaf,https://www.youtube.com/watch?v=8YiQW-TknsY,S19 Hotel Al Jaddaf,International Travel Awards ,
International Travel Awards Gala Ceremony - Winner Feedback from Saadiyat Island,https://www.youtube.com/watch?v=pBFkUQHXqlI,Saadiyat Island,International Travel Awards ,
International Travel Awards Gala Ceremony - Winner Feedback from Tang Palace Hotel,https://www.youtube.com/watch?v=UY9llOzQxi8,Tang Palace Hotel,International Travel Awards ,Ghana(Africa)
International Travel Awards Gala Ceremony - Winner Feedback from The Beach Palace Ramsgate,https://www.youtube.com/watch?v=fp_drGnEcaY,The Beach Palace Ramsgate,International Travel Awards ,South Africa
International Travel Awards Gala Ceremony - Winner Feedback from The Remote Managers,https://www.youtube.com/watch?v=B4b9pmqW3HE,The Remote Managers,International Travel Awards ,
International Travel Awards Gala Ceremony - Winner Feedback from Zeetravels Ltd,https://www.youtube.com/watch?v=7dyawDesBzs,Zee travels ltd,International Travel Awards ,London
World GM Awards Gala Ceremony - Winner Feedback from Samir Messaoudi,https://www.youtube.com/watch?v=cLihSIJKOhM,Samir Messaoudi,World GM Awards ,Oman
International Spa & Beauty Awards Gala Ceremony - Winner Feedback from Beauty Escape London,https://www.youtube.com/watch?v=3KYULE9KOVM,Beauty Escape ,International Spa & Beauty Awards ,London
International Travel Awards Gala Ceremony - Winner Feedback from Amber Holiday Homes,https://www.youtube.com/watch?v=Cp6j_3V0URo,Amber Holiday Homes,International Travel Awards ,
International Travel Awards - Gala Ceremony - Winner Feedback from 7Seas Holidays Limited,https://www.youtube.com/watch?v=FB6CqPSdnfE,7 seas holiday hotel,International Travel Awards  ,London
Arabian Best of Best Awards - Gala Ceremony  - AlRedha Insurance Brokers LLC Testimonial,https://www.youtube.com/watch?v=jQILvnhhZ3o,AlRedha Insurance Broker LLC,Arabian Best of Best Awards ,Dubai (UAE)
Arabian Best of Best Awards - Gala Ceremony  - Arabica Orient Tours Testimonial,https://www.youtube.com/watch?v=uap9ioTizJs,Arabica Orient Tours,Arabian Best of Best Awards ,Oman
World CEO Awards - Gala Ceremony  - Ayaan Ali Testimonial,https://www.youtube.com/watch?v=7xtqRoquhOk,Raf Hotel Apartment LLC,World CEO Awards ,Dubai (UAE)
Europe Best of Best Awards - Gala Ceremony  - BA CONSULTING RH Testimonial,https://www.youtube.com/watch?v=6G2yZVWbirY,BA CONSULTING RH,Europe Best of Best Awards ,"MARSEILLE, France"
"Arabian Best of Best Awards - Gala Ceremony  - BITS Pilani, Dubai Campus Testimonial",https://www.youtube.com/watch?v=nNZTGdLy2S8,"BITS Pilani, Dubai Campus",Arabian Best of Best Awards ,Dubai (UAE)
America Best of Best Awards - Gala Ceremony - Cybercenter Testimonial,https://www.youtube.com/watch?v=af9wKQYWIYA,Cybercenter,America Best of Best Awards ,Chile
World CEO Awards - Gala Ceremony - Dr Imad Syed Testimonial,https://www.youtube.com/watch?v=Gj_HQf5Nn_U,PiLog Middle East & APAC,World CEO Awards ,UAE
Africa Best of Best Awards - Gala Ceremony - Dr Indira Naidoo's Early Learning Academy Testimonial,https://www.youtube.com/watch?v=qJHQLSPI_y4,Dr Indira Naidoo's Early Learning Academy,Africa Best of Best Awards,South Africa
Arabian Best of Best Awards - Gala Ceremony - EDEN AESTHETICS Clinic Testimonial,https://www.youtube.com/watch?v=Jlc0biE_l9s,EDEN AESTHETICS Clinic,Arabian Best of Best Awards ,UAE
America Best of Best Awards - Gala Ceremony - Guac Digital INC Testimonial,https://www.youtube.com/watch?v=OAGaZANudLE,Guac Digital INC,America Best of Best Awards ,USA
World GM Awards - Gala Ceremony - Gurnoor Bindra Testimonial,https://www.youtube.com/watch?v=lJLgZntLz0I,Marriott International,World GM Awards ,Dubai (UAE)
World GM Awards - Gala Ceremony - MOHAMMED IQBAL   Testimonial,https://www.youtube.com/watch?v=tvDacNER3go,KHALIDIA PALACE HOTEL DUBAI,World GM Awards ,Dubai (UAE)
Arabian Best of Best Awards - Gala Ceremony - Mosaic Dance and Music Institute   Testimonial,https://www.youtube.com/watch?v=IeUeQTP-lg4,Mosaic Dance and Music Institute,Arabian Best of Best Awards,UAE
Arabian Best of Best Awards - Gala Ceremony  - Volga International Equipment Trading LLC Testimonial,https://www.youtube.com/watch?v=HtKU_4aN6As,Volga International Equipment Trading LLC,Arabian Best of Best Awards,Dubai (UAE)
UK Best of Best Awards - Gala Ceremony  - ZEE TRAVELS LTD   Testimonial,https://www.youtube.com/watch?v=L2xbqwO1dZQ,ZEE TRAVELS LTD,UK Best of Best Awards ,London (UK)
World GM Awards - Gala Ceremony  - Emad Ramzy Testimonial,https://www.youtube.com/watch?v=vH5tp2axy-U,Crowne Plaza Dubai Deira & Crowne Plaza Dubai Jumeirah,World GM Awards,Dubai (UAE)
World GM Awards - Gala Ceremony  - Enver Arslan Testimonial,https://www.youtube.com/watch?v=f9qE2hSzBoI,Joali Maldives,World GM Awards,Maldives
Arabian Best of Best Awards - Gala Ceremony  - Food Nation Catering Testimonial,https://www.youtube.com/watch?v=IxEjXuRg0Os,Food Nation Catering,Arabian Best of Best Awards,UAE
Winner Feedback from  Castle IN LOVE WITH THE WIND,https://www.youtube.com/watch?v=wSWRjxpR_nA,Castle IN LOVE WITH THE WIND ,International Travel Awards ,Bulgaria(Europe)
Winner Feedback from  Firas Al Alami,https://www.youtube.com/watch?v=i8czG6_5coM,Al Khoory Sky Garden Hotel ,International GM Awards,Dubai (UAE)
Winner Feedback from  Damir Kartal,https://www.youtube.com/watch?v=IC87mvYG3es,Movenpick Hotel & Apartments Bur Dubai,International GM Awards,Dubai (UAE)
Winner Feedback from Hilton London Metropole,https://www.youtube.com/watch?v=mEKNGpvKXnM,Hilton London Metropole,International Travel Awards ,London
Winner Feedback from Hills and Hues,https://www.youtube.com/watch?v=F3aiQbvSU44,Hills and Hues ,International Travel Awards ,"Thekkady, India"
Winner Feedback from Nadia Nassar,https://www.youtube.com/watch?v=QXlYxPuGoM8,Hilton Garden Inn Dubai Mall of the Emirates ,International GM Awards,Dubai (UAE)
Winner Feedback from LILLEHAMMER SPA AS,https://www.youtube.com/watch?v=hJ-jMMJulpg,LILLEHAMMER SPA AS,International Spa & Beauty Awards ,Norway
Winner Feedback from RAF Hotel Apartments LLC,https://www.youtube.com/watch?v=J_lDxwo86iE,RAF Hotel Apartments LLC,International Travel Awards ,Dubai (UAE)
Winner Feedback from Mrad El Khoury,https://www.youtube.com/watch?v=1Dr3PcN2J4U,Al Khozama Hotels ,International GM Awards,"Jeddah,Saudi Arabia"
Winner Feedback from Dzimbahwe Guest Lodge,https://www.youtube.com/watch?v=yN-XR-CiyqU,Dzimbahwe Guest Lodge,International Travel Awards ,"Victoria Falls, Zimbabwe"
Winner Feedback from Heavens Beauty and Spa,https://www.youtube.com/watch?v=8oSP5Z-b83g,Heavens Beauty and Spa,International Spa & Beauty Awards ,"Dar es Salaam , Tanzania"
Winner Feedback from SWAHILI BEACH,https://www.youtube.com/watch?v=83AOo-e8_W0,SWAHILI BEACH,International Spa & Beauty Awards ,"Ukunda, Kenya"
Winner Feedback from The Grand Palace Suites - Hotel,https://www.youtube.com/watch?v=shtWkt_QXCs,The Grand Palace Suites - Hotel,International Travel Awards ,"Addis Ababa, Ethiopia"
Winner Feedback from DISCOVER AFRICA TRAVEL,https://www.youtube.com/watch?v=LpisiDZU8fA,DISCOVER AFRICA TRAVEL,International Travel Awards ,"Cape Town, South Africa"
Winner Feedback from Maps & Vogs Holidays,https://www.youtube.com/watch?v=hUL1rUiPc0A,Maps & Vogs Holidays,International Travel Awards ,"Doha, Qatar"
Winner Feedback from PALBINA TRAVEL LTD,https://www.youtube.com/watch?v=5SadzigfWc4,PALBINA TRAVEL LTD,International Travel Awards ,"Nairobi, Kenya"
Winner Feedback from Gromaxx Hotels Management LLC,https://www.youtube.com/watch?v=3RoUukfKJlQ,Gromaxx Hotels Management LLC ,International Travel Awards ,"Abu Dhabi, United Arab Emirates"
Winner Feedback from Omar Bouchaar,https://www.youtube.com/watch?v=YJg3GifTNHU,Wyndham Garden Brooklyn Sunset Park,International GM Awards,"New York City, United States"
Winner Feedback from Tang Palace Hotel,https://www.youtube.com/watch?v=w5yaNR11NC0,Tang Palace Hotel,International Dining Awards,"Accra, Ghana"
Winner Feedback from Mostafa Hawwas,https://www.youtube.com/watch?v=wqxgshJdBy4,Mostafa Hawwas ,International GM Awards,Kuwait
Winner Feedback from La Perla SPA,https://www.youtube.com/watch?v=CJv4KMpACR0,La Perla SPA,International Spa & Beauty Awards ,Dubai (UAE)
Winner Feedback from Heart and Soul Spa,https://www.youtube.com/watch?v=drYZ6JOJPEY,Heart and Soul Spa,International Spa & Beauty Awards ,Dubai (UAE)
Winner Feedback from Conrad Dubai,https://www.youtube.com/watch?v=8xvMgoN4F78,Conrad Dubai,International Spa & Beauty Awards ,Dubai (UAE)
Winner Feedback from Chamisse Restaurant,https://www.youtube.com/watch?v=IQj3uuZT1sM,Chamisse Restaurant,International Dining Awards,London (UK)
Winner Feedback from Centara Mirage Beach Resort Dubai,https://www.youtube.com/watch?v=9rsMhIlQdmA,Centara Mirage Beach Resort Dubai,International Travel Awards ,Dubai (UAE)
Winner Feedback from Sophie Blondel,https://www.youtube.com/watch?v=Km4ijCFPdSs,The H Dubai,International GM Awards,Dubai (UAE)
Winner Feedback from Paya Bunga Hotel Terengganu,https://www.youtube.com/watch?v=uBm9QhIEl4I,Paya Bunga Hotel Terengganu,International Travel Awards ,"Kuala Terengganu, Malaysia"
Winner Feedback from Saad Khayat,https://www.youtube.com/watch?v=qkQA83CEHNc,Makkah Hotel & Towers,International GM Awards,"Makkah, Saudi Arabia"
Winner Feedback from Qasr Al Watan,https://www.youtube.com/watch?v=HQZXPd1M1Ow,Qasr Al Watan,International Travel Awards ,Abudhabi(UAE)
Winner Feedback from  The S Holiday Homes,https://www.youtube.com/watch?v=CaM8yAVC3SQ,The S Holiday Homes,International Travel Awards ,Dubai (UAE)
Winner Feedback from Pierre's TT,https://www.youtube.com/watch?v=OZHLvQsW0-4,Pierre's TT,International Dining Awards,Dubai (UAE)
Winner Feedback from The Granite Luxury Hotel,https://www.youtube.com/watch?v=7fv6xRG8Hh0,The Granite Luxury Hotel,International Travel Awards ,"George Town, Malaysia"
Winner Feedback from Krishan Kodippili (General Manager),https://www.youtube.com/watch?v=4BBYIeiUe7w,Hotel Sarina Dhaka,International GM Awards,"Dhaka, Bangladesh"
Winner Feedback from Aqeel Ahmed Abbasi (General Manager),https://www.youtube.com/watch?v=DeVVPOb20EM,Pearl Continental Hotel Rawalpindi,International GM Awards,"Rawalpindi, Pakistan"
Winner Feedback from Elena Orrù (General Manager),https://www.youtube.com/watch?v=ruW8JPlXFZM,The Pavilions Phuket,International GM Awards,"Phuket, Thailand"
Winner Feedback from Samer Homsi (General Manager),https://www.youtube.com/watch?v=B_tYulOkE2k,Metropolitan Hotel Dubai,International GM Awards,Dubai (UAE)
Winner Feedback from Azimut Tour Operator & DMC,https://www.youtube.com/watch?v=dt-7YEWtsWE,Azimut Tour Operator & DMC,International Travel Awards ,"Dogana, San Marino"
Arabian Best Of Best Awards 2022 - Testimonial,https://www.youtube.com/watch?v=gD-6EI8U8C8,,Arabian Best Of Best Awards ,
Arabian Best Of Best Awards 2022 - Testimonial #shortsviral,https://www.youtube.com/watch?v=cJcvWDQ73f8,,Arabian Best Of Best Awards,
Arabian Best Of Best Awards 2022 - Testimonial,https://www.youtube.com/watch?v=tmAcEs-OQbA,,Arabian Best Of Best Awards ,
Arabian Best Of Best Awards 2022 - Testimonial,https://www.youtube.com/watch?v=0wuebPqeSfY,,Arabian Best Of Best Awards ,
Arabian Best Of Best Awards 2022 - Testimonial,https://www.youtube.com/watch?v=Ahcvjvpr0fg,,Arabian Best Of Best Awards,
